Workbook

Sheet CropNitrousEstimationDefaultFac
A1: IPCC Crop types | B1: Slope (T) | C1: Intercept (T) | D1: N content of AG residues | E1: RS (T) | F1: N BG(T)
A2: Generic value | B2: 0 | C2: 0 | D2: 0.008 | E2: 0.22 | F2: 0.009
A3: Grains | B3: 1.09 | C3: 0.88 | D3: 0.006 | E3: 0.22 | F3: 0.009
A4: Beans & pulses | B4: 1.13 | C4: 0.85 | D4: 0.008 | E4: 0.19 | F4: 0.008
A5: Tubers | B5: 0.1 | C5: 1.06 | D5: 0.019 | E5: 0.2 | F5: 0.014
A6: Root crops | B6: 1.07 | C6: 1.54 | D6: 0.019 | E6: 0.2 | F6: 0.014
A7: N-fixing forages | B7: 0.3 | C7: 0 | D7: 0.027 | E7: 0.4 | F7: 0.022
A8: Non-N-fixing forages | B8: 0.3 | C8: 0 | D8: 0.015 | E8: 0.54 | F8: 0.012
A9: Maize | B9: 1.03 | C9: 0.61 | D9: 0.006 | E9: 0.22 | F9: 0.007
A10: Wheat | B10: 1.51 | C10: 0.52 | D10: 0.006 | E10: 0.24 | F10: 0.009
A11: Winter wheat | B11: 1.61 | C11: 0.4 | D11: 0.006 | E11: 0.23 | F11: 0.009
A12: Spring wheat | B12: 1.29 | C12: 0.75 | D12: 0.006 | E12: 0.28 | F12: 0.009
A13: Rice | B13: 0.95 | C13: 2.46 | D13: 0.007 | E13: 0.16 | F13: 0.009
... A26: Grass-clover mixtures | B26: 0.3 | C26: 0 | D26: 0.025 | E26: 0.8 | F26: 0.016

Sheet FAO crop mapping
A1: Default factors for estimating N from crop residues and forage/pasture renewal
A2: Table 11.2
A3: IPCC Crop types | B3: Dry matter fraction harvested product | C3: Slope | D3: Intercept | E3: N content of AG residues | F3: Rag | G3: Rs | H3: N content of BG residues
A4: Generic grains | B4: 0.88 | C4: 1.09 | D4: 0.88 | E4: 0.006 | F4: 1.3 | G4: 0.22 | H4: 0.009
A5: Wheat | B5: 0.89 | C5: 1.51 | D5: 0.52 | E5: =AVERAGE(0.006,0.006) -> 0.006 | F5: =AVERAGE(1.3,1.3) -> 1.3 | G5: =AVERAGE(0.23,0.28) -> 0.255 | H5: =AVERAGE(0.009,0.009) -> 0.009
A6: Barley | B6: 0.89 | C6: 0.98 | D6: 0.59 | E6: 0.007 | F6: 1.2 | G6: 0.22 | H6: 0.014
A7: Oats | B7: 0.89 | C7: 0.91 | D7: 0.89 | E7: 0.007 | F7: 1.3 | G7: 0.25 | H7: 0.008
A8: Maize | B8: 0.87 | C8: 1.03 | D8: 0.61 | E8: 0.006 | F8: 1 | G8: 0.22 | H8: 0.007
A9: Rye | B9: 0.88 | C9: 1.09 | D9: 0.88 | E9: 0.005 | F9: 1.6 | H9: 0.011
A10: Rice | B10: 0.89 | C10: 0.95 | D10: 2.46 | E10: 0.007 | F10: 1.4 | G10: 0.16
A11: Millet | B11: 0.9 | C11: 1.43 | D11: 0.14 | E11: 0.007 | F11: 1.4
A12: Sorghum | B12: 0.89 | C12: 0.88 | D12: 1.33 | E12: 0.007 | F12: 1.4 | H12: 0.006
A13: Beans and pulses | B13: 0.91 | C13: 1.13 | D13: 0.85 | E13: 0.008 | F13: 2.1 | G13: 0.19 | H13: 0.008
A14: Soybeans | B14: 0.91 | C14: 0.93 | D14: 1.35 | E14: 0.008 | F14: 2.1 | G14: 0.19 | H14: 0.008
A15: Potatoes & tubers | B15: 0.22 | C15: 0.1 | D15: 1.06 | E15: 0.019 | F15: 0.4 | G15: 0.2 | H15: 0.014
A16: Peanuts | B16: 0.94 | C16: 1.07 | D16: 1.54 | E16: 0.016 | F16: 1 | G16: 0.1
A17: Notes:
A20: Default factors for estimating N from crop residues and forage/pasture renewal
A21: Adapted from Table 11.2
A22: FAO crops | B22: Dry matter fraction harvested product | C22: Slope | D22: Intercept | E22: N content of AG residues | F22: Rag | G22: Rs | H22: N content of BG residues
A23: Bambara beans | B23: =B41 -> 0.94 | C23: =C41 -> 1.07 | D23: =D41 -> 1.54 | E23: =E41 -> 0.016 | F23: =F41 -> 1 | G23: =G41 -> 0.1 | H23: =H41 -> 0
A24: Barley | B24: 1 | C24: =C6 -> 0.98 | D24: =D6 -> 0.59 | E24: =E6 -> 0.007 | F24: =F6 -> 1.2 | G24: =G6 -> 0.22 | H24: =H6 -> 0.014
A25: Beans, dry | B25: 1 | C25: =C13 -> 1.13 | D25: =D13 -> 0.85 | E25: =E13 -> 0.008 | F25: =F13 -> 2.1 | G25: =G13 -> 0.19 | H25: =H13 -> 0.008
A26: Broad beans, horse beans, dry | B26: 1 | C26: =C25 -> 1.13 | D26: =D25 -> 0.85 | E26: =E25 -> 0.008 | F26: =F25 -> 2.1 | G26: =G25 -> 0.19 | H26: =H25 -> 0.008
A27: Buckwheat | B27: =B36 -> 0.88 | C27: =C36 -> 1.09 | D27: =D36 -> 0.88 | E27: =E36 -> 0.006 | F27: =F36 -> 1.3 | G27: =G36 -> 0.22 | H27: =H36 -> 0.009
A28: Carrots and turnips | B28: 0.22 | C28: =C45 -> 0.1 | D28: =D45 -> 1.06 | E28: =E45 -> 0.019 | F28: =F45 -> 0.4 | G28: =G45 -> 0.2 | H28: =H45 -> 0.014
A29: Cassava | B29: 0.22 | C29: =C45 -> 0.1 | D29: =D45 -> 1.06 | E29: =E45 -> 0.019 | F29: =F45 -> 0.4 | G29: =G45 -> 0.2 | H29: =H45 -> 0.014
A30: Cereals | B30: =B36 -> 0.88 | C30: =C36 -> 1.09 | D30: =D36 -> 0.88 | E30: =E36 -> 0.006 | F30: =F36 -> 1.3 | G30: =G36 -> 0.22 | H30: =H36 -> 0.009
A31: Chick peas | B31: =B26 -> 1 | C31: =C26 -> 1.13 | D31: =D26 -> 0.85 | E31: =E26 -> 0.008 | F31: =F26 -> 2.1 | G31: =G26 -> 0.19 | H31: =H26 -> 0.008
A32: Chicory roots | B32: 0.22 | C32: =C45 -> 0.1 | D32: =D45 -> 1.06 | E32: =E45 -> 0.019 | F32: =F45 -> 0.4 | G32: =G45 -> 0.2 | H32: =H45 -> 0.014
A33: Cow peas, dry | B33: =B26 -> 1 | C33: =C26 -> 1.13 | D33: =D26 -> 0.85 | E33: =E26 -> 0.008 | F33: =F26 -> 2.1 | G33: =G26 -> 0.19 | H33: =H26 -> 0.008
A34: Flooded rice | B34: =B10 -> 0.89 | C34: =C10 -> 0.95 | D34: =D10 -> 2.46 | E34: =E10 -> 0.007 | F34: =F10 -> 1.4 | G34: =G10 -> 0.16 | H34: =H10 -> 0
A35: Fonio | B35: =B36 -> 0.88 | C35: =C36 -> 1.09 | D35: =D36 -> 0.88 | E35: =E36 -> 0.006 | F35: =F36 -> 1.3 | G35: =G36 -> 0.22 | H35: =H36 -> 0.009
A36: Grain, mixed | B36: =B4 -> 0.88 | C36: =C4 -> 1.09 | D36: =D4 -> 0.88 | E36: =E4 -> 0.006 | F36: =F4 -> 1.3 | G36: =G4 -> 0.22 | H36: =H4 -> 0.009
A37: Lentils | B37: =B26 -> 1 | C37: =C26 -> 1.13 | D37: =D26 -> 0.85 | E37: =E26 -> 0.008 | F37: =F26 -> 2.1 | G37: =G26 -> 0.19 | H37: =H26 -> 0.008
A38: Maize | B38: 1 | C38: =C8 -> 1.03 | D38: =D8 -> 0.61 | E38: =E8 -> 0.006 | F38: =F8 -> 1 | G38: =G8 -> 0.22 | H38: =H8 -> 0.007
A39: Millet | B39: 1 | C39: =C11 -> 1.43 | D39: =D11 -> 0.14 | E39: =E11 -> 0.007 | F39: =F11 -> 1.4 | G39: =G11 -> 0 | H39: =H11 -> 0
A40: Oats | B40: 1 | C40: =C7 -> 0.91 | D40: =D7 -> 0.89 | E40: =E7 -> 0.007 | F40: =F7 -> 1.3 | G40: =G7 -> 0.25 | H40: =H7 -> 0.008
A41: Peanuts | B41: =B16 -> 0.94 | C41: =C16 -> 1.07 | D41: =D16 -> 1.54 | E41: =E16 -> 0.016 | F41: =F16 -> 1 | G41: =G16 -> 0.1 | H41: =H16 -> 0
A42: Peas, dry | B42: =B26 -> 1 | C42: =C26 -> 1.13 | D42: =D26 -> 0.85 | E42: =E26 -> 0.008 | F42: =F26 -> 2.1 | G42: =G26 -> 0.19 | H42: =H26 -> 0.008
A43: Pigeon peas | B43: =B26 -> 1 | C43: =C26 -> 1.13 | D43: =D26 -> 0.85 | E43: =E26 -> 0.008 | F43: =F26 -> 2.1 | G43: =G26 -> 0.19 | H43: =H26 -> 0.008
A44: Pineapples | B44: 0.9 | C44: 0.3 | D44: 0 | E44: 0.015 | F44: 0.3 | G44: 0.8 | H44: 0.012
A45: Potatoes | B45: =B15 -> 0.22 | C45: =C15 -> 0.1 | D45: =D15 -> 1.06 | E45: =E15 -> 0.019 | F45: =F15 -> 0.4 | G45: =G15 -> 0.2 | H45: =H15 -> 0.014
A46: Pulses | B46: =B26 -> 1 | C46: =C26 -> 1.13 | D46: =D26 -> 0.85 | E46: =E26 -> 0.008 | F46: =F26 -> 2.1 | G46: =G26 -> 0.19 | H46: =H26 -> 0.008
A47: Quinoa | B47: =B36 -> 0.88 | C47: =C36 -> 1.09 | D47: =D36 -> 0.88 | E47: =E36 -> 0.006 | F47: =F36 -> 1.3 | G47: =G36 -> 0.22 | H47: =H36 -> 0.009
A48: Upland rice | B48: =B34 -> 0.89 | C48: =C34 -> 0.95 | D48: =D34 -> 2.46 | E48: =E34 -> 0.007 | F48: =F34 -> 1.4 | G48: =G34 -> 0.16 | H48: =H34 -> 0
A49: Roots and tubers | B49: 0.22 | C49: =C45 -> 0.1 | D49: =D45 -> 1.06 | E49: =E45 -> 0.019 | F49: =F45 -> 0.4 | G49: =G45 -> 0.2 | H49: =H45 -> 0.014
A50: Rye | B50: 1 | C50: =C9 -> 1.09 | D50: =D9 -> 0.88 | E50: =E9 -> 0.005 | F50: =F9 -> 1.6 | G50: =G9 -> 0 | H50: =H9 -> 0.011
A51: Sorghum | B51: =B12 -> 0.89 | C51: =C12 -> 0.88 | D51: =D12 -> 1.33 | E51: =E12 -> 0.007 | F51: =F12 -> 1.4 | G51: =G12 -> 0 | H51: =H12 -> 0.006
A52: Soybeans | B52: =B14 -> 0.91 | C52: =C14 -> 0.93 | D52: =D14 -> 1.35 | E52: =E14 -> 0.008 | F52: =F14 -> 2.1 | G52: =G14 -> 0.19 | H52: =H14 -> 0.008
A53: String beans | B53: =B26 -> 1 | C53: =C26 -> 1.13 | D53: =D26 -> 0.85 | E53: =E26 -> 0.008 | F53: =F26 -> 2.1 | G53: =G26 -> 0.19 | H53: =H26 -> 0.008
A54: Sugar beet | B54: =B49 -> 0.22 | C54: =C49 -> 0.1 | D54: =D49 -> 1.06 | E54: =E49 -> 0.019 | F54: =F49 -> 0.4 | G54: =G49 -> 0.2 | H54: =H49 -> 0.014
A55: Sugar cane | B55: 0.9 | C55: 0.3 | D55: 0 | E55: 0.015 | F55: 0.3 | G55: 0.8 | H55: 0.012
A56: Sweet potatoes | B56: =B45 -> 0.22 | C56: =C45 -> 0.1 | D56: =D45 -> 1.06 | E56: =E45 -> 0.019 | F56: =F45 -> 0.4 | G56: =G45 -> 0.2 | H56: =H45 -> 0.014
A57: Taro (cocoyam) | B57: 0.1 | C57: 0.1 | D57: 0.1 | E57: 0.1 | F57: 0.1 | G57: 0.1 | H57: 0.1
A58: Triticale | B58: =B36 -> 0.88 | C58: =C36 -> 1.09 | D58: =D36 -> 0.88 | E58: =E36 -> 0.006 | F58: =F36 -> 1.3 | G58: =G36 -> 0.22 | H58: =H36 -> 0.009
A59: Wheat | B59: 1 | C59: =C5 -> 1.51 | D59: =D5 -> 0.52 | E59: =E5 -> 0.006 | F59: =F5 -> 1.3 | G59: =G5 -> 0.255 | H59: =H5 -> 0.009
A60: Yautia (cocoyam) | B60: =B45 -> 0.22 | C60: =C45 -> 0.1 | D60: =D45 -> 1.06 | E60: =E45 -> 0.019 | F60: =F45 -> 0.4 | G60: =G45 -> 0.2 | H60: =H45 -> 0.014
A61: Notes: Bambara beans modelled after peanut. Taro, Yautia, carrots and turnips, chicory roots, are modelled after potatoes. Broad beans, horse beans dry, pulses, string beans, Chickpeas, Cow peas, lentils, Peas dry, Pigeon peas modelled after beans & pulses. Grain mixed is modelled after grain
A62: Buckwheat, Cereal, fonio, quinoa, triticale modelled after grains. Sugar cane is modeled on perennial grass. Sugar beet is modeled on roots and tubers. Pineapples is modelled after Sugarcane

Sheet Final_list
A1: item | B1: ONLINE | C1: CROPYIELDSTATS | D1: Dry matter fraction harvested product | E1: Slope | F1: Intercept | G1: N content of AG residues | H1: Rag | I1: Rs | J1: N content of BG residues
A2: Generic value | B2: YES | C2: YES | D2: 0.88 | E2: 1.09 | F2: 0.88 | G2: 0.006 | H2: 1.3 | I2: 0.22 | J2: 0.009
A3: Abaca, manila hemp, raw | B3: YES | C3: NO | D3: =IF(B3="yes",VLOOKUP(A3,'FAO crop mapping'!$A$22:$H$60,2,FALSE), "") -> #N/A | E3: =IF(B3="yes",VLOOKUP(A3,'FAO crop mapping'!$A$22:$H$60,3,FALSE), "") -> #N/A | F3: =IF(B3="yes",VLOOKUP(A3,'FAO crop mapping'!$A$22:$H$60,4,FALSE), "") -> #N/A | G3: =IF(B3="yes",VLOOKUP(A3,'FAO crop mapping'!$A$22:$H$60,5,FALSE), "") -> #N/A | H3: =IF(B4="yes",VLOOKUP(A4,'FAO crop mapping'!$A$22:$H$60,6,FALSE), "") | I3: =IF(B4="yes",VLOOKUP(A4,'FAO crop mapping'!$A$22:$H$60,7,FALSE), "") | J3: =IF(B4="yes",VLOOKUP(A4,'FAO crop mapping'!$A$22:$H$60,8,FALSE), "")
A4: Agave fibres, raw, n.e.c. | B4: NO | C4: NO | D4: =IF(B4="yes",VLOOKUP(A4,'FAO crop mapping'!$A$22:$H$60,2,FALSE), "") | E4: =IF(B4="yes",VLOOKUP(A4,'FAO crop mapping'!$A$22:$H$60,3,FALSE), "") | F4: =IF(B4="yes",VLOOKUP(A4,'FAO crop mapping'!$A$22:$H$60,4,FALSE), "") | G4: =IF(B4="yes",VLOOKUP(A4,'FAO crop mapping'!$A$22:$H$60,5,FALSE), "") | H4: =IF(B5="yes",VLOOKUP(A5,'FAO crop mapping'!$A$22:$H$60,6,FALSE), "") -> #N/A | I4: =IF(B5="yes",VLOOKUP(A5,'FAO crop mapping'!$A$22:$H$60,7,FALSE), "") -> #N/A | J4: =IF(B5="yes",VLOOKUP(A5,'FAO crop mapping'!$A$22:$H$60,8,FALSE), "") -> #N/A
A5: Almonds, in shell | B5: YES | C5: YES | D5: =IF(B5="yes",VLOOKUP(A5,'FAO crop mapping'!$A$22:$H$60,2,FALSE), "") -> #N/A | E5: =IF(B5="yes",VLOOKUP(A5,'FAO crop mapping'!$A$22:$H$60,3,FALSE), "") -> #N/A | F5: =IF(B5="yes",VLOOKUP(A5,'FAO crop mapping'!$A$22:$H$60,4,FALSE), "") -> #N/A | G5: =IF(B5="yes",VLOOKUP(A5,'FAO crop mapping'!$A$22:$H$60,5,FALSE), "") -> #N/A | H5: =IF(B6="yes",VLOOKUP(A6,'FAO crop mapping'!$A$22:$H$60,6,FALSE), "") -> #N/A | I5: =IF(B6="yes",VLOOKUP(A6,'FAO crop mapping'!$A$22:$H$60,7,FALSE), "") -> #N/A | J5: =IF(B6="yes",VLOOKUP(A6,'FAO crop mapping'!$A$22:$H$60,8,FALSE), "") -> #N/A
A6: Anise, badian, coriander, cumin, caraway, fennel and juniper berries, raw | B6: YES | C6: NO | D6: =IF(B6="yes",VLOOKUP(A6,'FAO crop mapping'!$A$22:$H$60,2,FALSE), "") -> #N/A | E6: =IF(B6="yes",VLOOKUP(A6,'FAO crop mapping'!$A$22:$H$60,3,FALSE), "") -> #N/A | F6: =IF(B6="yes",VLOOKUP(A6,'FAO crop mapping'!$A$22:$H$60,4,FALSE), "") -> #N/A | G6: =IF(B6="yes",VLOOKUP(A6,'FAO crop mapping'!$A$22:$H$60,5,FALSE), "") -> #N/A | H6: =IF(B7="yes",VLOOKUP(A7,'FAO crop mapping'!$A$22:$H$60,6,FALSE), "") -> #N/A | I6: =IF(B7="yes",VLOOKUP(A7,'FAO crop mapping'!$A$22:$H$60,7,FALSE), "") -> #N/A | J6: =IF(B7="yes",VLOOKUP(A7,'FAO crop mapping'!$A$22:$H$60,8,FALSE), "") -> #N/A
A7: Apples | B7: YES | C7: NO | D7: =IF(B7="yes",VLOOKUP(A7,'FAO crop mapping'!$A$22:$H$60,2,FALSE), "") -> #N/A | E7: =IF(B7="yes",VLOOKUP(A7,'FAO crop mapping'!$A$22:$H$60,3,FALSE), "") -> #N/A | F7: =IF(B7="yes",VLOOKUP(A7,'FAO crop mapping'!$A$22:$H$60,4,FALSE), "") -> #N/A | G7: =IF(B7="yes",VLOOKUP(A7,'FAO crop mapping'!$A$22:$H$60,5,FALSE), "") -> #N/A | H7: =IF(B8="yes",VLOOKUP(A8,'FAO crop mapping'!$A$22:$H$60,6,FALSE), "") -> #N/A | I7: =IF(B8="yes",VLOOKUP(A8,'FAO crop mapping'!$A$22:$H$60,7,FALSE), "") -> #N/A | J7: =IF(B8="yes",VLOOKUP(A8,'FAO crop mapping'!$A$22:$H$60,8,FALSE), "") -> #N/A
A8: Apricots | B8: YES | C8: NO | D8: =IF(B8="yes",VLOOKUP(A8,'FAO crop mapping'!$A$22:$H$60,2,FALSE), "") -> #N/A | E8: =IF(B8="yes",VLOOKUP(A8,'FAO crop mapping'!$A$22:$H$60,3,FALSE), "") -> #N/A | F8: =IF(B8="yes",VLOOKUP(A8,'FAO crop mapping'!$A$22:$H$60,4,FALSE), "") -> #N/A | G8: =IF(B8="yes",VLOOKUP(A8,'FAO crop mapping'!$A$22:$H$60,5,FALSE), "") -> #N/A | H8: =IF(B9="yes",VLOOKUP(A9,'FAO crop mapping'!$A$22:$H$60,6,FALSE), "") -> #N/A | I8: =IF(B9="yes",VLOOKUP(A9,'FAO crop mapping'!$A$22:$H$60,7,FALSE), "") -> #N/A | J8: =IF(B9="yes",VLOOKUP(A9,'FAO crop mapping'!$A$22:$H$60,8,FALSE), "") -> #N/A
A9: Areca nuts | B9: YES | C9: NO | D9: =IF(B9="yes",VLOOKUP(A9,'FAO crop mapping'!$A$22:$H$60,2,FALSE), "") -> #N/A | E9: =IF(B9="yes",VLOOKUP(A9,'FAO crop mapping'!$A$22:$H$60,3,FALSE), "") -> #N/A | F9: =IF(B9="yes",VLOOKUP(A9,'FAO crop mapping'!$A$22:$H$60,4,FALSE), "") -> #N/A | G9: =IF(B9="yes",VLOOKUP(A9,'FAO crop mapping'!$A$22:$H$60,5,FALSE), "") -> #N/A | H9: =IF(B10="yes",VLOOKUP(A10,'FAO crop mapping'!$A$22:$H$60,6,FALSE), "") -> #N/A | I9: =IF(B10="yes",VLOOKUP(A10,'FAO crop mapping'!$A$22:$H$60,7,FALSE), "") -> #N/A | J9: =IF(B10="yes",VLOOKUP(A10,'FAO crop mapping'!$A$22:$H$60,8,FALSE), "") -> #N/A
A10: Artichokes | B10: YES | C10: NO | D10: =IF(B10="yes",VLOOKUP(A10,'FAO crop mapping'!$A$22:$H$60,2,FALSE), "") -> #N/A | E10: =IF(B10="yes",VLOOKUP(A10,'FAO crop mapping'!$A$22:$H$60,3,FALSE), "") -> #N/A | F10: =IF(B10="yes",VLOOKUP(A10,'FAO crop mapping'!$A$22:$H$60,4,FALSE), "") -> #N/A | G10: =IF(B10="yes",VLOOKUP(A10,'FAO crop mapping'!$A$22:$H$60,5,FALSE), "") -> #N/A | H10: =IF(B11="yes",VLOOKUP(A11,'FAO crop mapping'!$A$22:$H$60,6,FALSE), "") -> #N/A | I10: =IF(B11="yes",VLOOKUP(A11,'FAO crop mapping'!$A$22:$H$60,7,FALSE), "") -> #N/A | J10: =IF(B11="yes",VLOOKUP(A11,'FAO crop mapping'!$A$22:$H$60,8,FALSE), "") -> #N/A
A11: Asparagus | B11: YES | C11: NO | D11: =IF(B11="yes",VLOOKUP(A11,'FAO crop mapping'!$A$22:$H$60,2,FALSE), "") -> #N/A | E11: =IF(B11="yes",VLOOKUP(A11,'FAO crop mapping'!$A$22:$H$60,3,FALSE), "") -> #N/A | F11: =IF(B11="yes",VLOOKUP(A11,'FAO crop mapping'!$A$22:$H$60,4,FALSE), "") -> #N/A | G11: =IF(B11="yes",VLOOKUP(A11,'FAO crop mapping'!$A$22:$H$60,5,FALSE), "") -> #N/A | H11: =IF(B12="yes",VLOOKUP(A12,'FAO crop mapping'!$A$22:$H$60,6,FALSE), "") | I11: =IF(B12="yes",VLOOKUP(A12,'FAO crop mapping'!$A$22:$H$60,7,FALSE), "") | J11: =IF(B12="yes",VLOOKUP(A12,'FAO crop mapping'!$A$22:$H$60,8,FALSE), "")
A12: Asses | B12: NO | C12: NO | D12: =IF(B12="yes",VLOOKUP(A12,'FAO crop mapping'!$A$22:$H$60,2,FALSE), "") | E12: =IF(B12="yes",VLOOKUP(A12,'FAO crop mapping'!$A$22:$H$60,3,FALSE), "") | F12: =IF(B12="yes",VLOOKUP(A12,'FAO crop mapping'!$A$22:$H$60,4,FALSE), "") | G12: =IF(B12="yes",VLOOKUP(A12,'FAO crop mapping'!$A$22:$H$60,5,FALSE), "") | H12: =IF(B13="yes",VLOOKUP(A13,'FAO crop mapping'!$A$22:$H$60,6,FALSE), "") -> #N/A | I12: =IF(B13="yes",VLOOKUP(A13,'FAO crop mapping'!$A$22:$H$60,7,FALSE), "") -> #N/A | J12: =IF(B13="yes",VLOOKUP(A13,'FAO crop mapping'!$A$22:$H$60,8,FALSE), "") -> #N/A
A13: Avocados | B13: YES | C13: YES | D13: =IF(B13="yes",VLOOKUP(A13,'FAO crop mapping'!$A$22:$H$60,2,FALSE), "") -> #N/A | E13: =IF(B13="yes",VLOOKUP(A13,'FAO crop mapping'!$A$22:$H$60,3,FALSE), "") -> #N/A | F13: =IF(B13="yes",VLOOKUP(A13,'FAO crop mapping'!$A$22:$H$60,4,FALSE), "") -> #N/A | G13: =IF(B13="yes",VLOOKUP(A13,'FAO crop mapping'!$A$22:$H$60,5,FALSE), "") -> #N/A | H13: =IF(B14="yes",VLOOKUP(A14,'FAO crop mapping'!$A$22:$H$60,6,FALSE), "") | I13: =IF(B14="yes",VLOOKUP(A14,'FAO crop mapping'!$A$22:$H$60,7,FALSE), "") | J13: =IF(B14="yes",VLOOKUP(A14,'FAO crop mapping'!$A$22:$H$60,8,FALSE), "")
A14: Balata, gutta-percha, guayule, chicle and similar natural gums in primary forms or in plates, sheets or strip | B14: NO | C14: NO | D14: =IF(B14="yes",VLOOKUP(A14,'FAO crop mapping'!$A$22:$H$60,2,FALSE), "") | E14: =IF(B14="yes",VLOOKUP(A14,'FAO crop mapping'!$A$22:$H$60,3,FALSE), "") | F14: =IF(B14="yes",VLOOKUP(A14,'FAO crop mapping'!$A$22:$H$60,4,FALSE), "") | G14: =IF(B14="yes",VLOOKUP(A14,'FAO crop mapping'!$A$22:$H$60,5,FALSE), "") | H14: =IF(B15="yes",VLOOKUP(A15,'FAO crop mapping'!$A$22:$H$60,6,FALSE), "") -> #N/A | I14: =IF(B15="yes",VLOOKUP(A15,'FAO crop mapping'!$A$22:$H$60,7,FALSE), "") -> #N/A | J14: =IF(B15="yes",VLOOKUP(A15,'FAO crop mapping'!$A$22:$H$60,8,FALSE), "") -> #N/A
... A333: Sheep and Goats > (List) | B333: NO | C333: NO | D333: =IF(B333="yes",VLOOKUP(A333,'FAO crop mapping'!$A$22:$H$60,2,FALSE), "") | E333: =IF(B333="yes",VLOOKUP(A333,'FAO crop mapping'!$A$22:$H$60,3,FALSE), "") | F333: =IF(B333="yes",VLOOKUP(A333,'FAO crop mapping'!$A$22:$H$60,4,FALSE), "") | G333: =IF(B333="yes",VLOOKUP(A333,'FAO crop mapping'!$A$22:$H$60,5,FALSE), "") | H333: =IF(B334="yes",VLOOKUP(A334,'FAO crop mapping'!$A$22:$H$60,6,FALSE), "") | I333: =IF(B334="yes",VLOOKUP(A334,'FAO crop mapping'!$A$22:$H$60,7,FALSE), "") | J333: =IF(B334="yes",VLOOKUP(A334,'FAO crop mapping'!$A$22:$H$60,8,FALSE), "")
B334: NO | C334: NO | D334: =IF(B334="yes",VLOOKUP(A334,'FAO crop mapping'!$A$22:$H$60,2,FALSE), "") | E334: =IF(B334="yes",VLOOKUP(A334,'FAO crop mapping'!$A$22:$H$60,3,FALSE), "") | F334: =IF(B334="yes",VLOOKUP(A334,'FAO crop mapping'!$A$22:$H$60,4,FALSE), "") | G334: =IF(B334="yes",VLOOKUP(A334,'FAO crop mapping'!$A$22:$H$60,5,FALSE), "")

Sheet Final_values
A1: ITEM | B1: ONLINE | C1: CROPYIELDSTATS | D1: DRY MATTER FRACTION HARVESTED | E1: SLOPE | F1: INTERCEPT | G1: N CONTENT OF AG RESIDUES | H1: RAG | I1: RS | J1: N CONTENT OF BG RESIDUES | K1: COMMENTS
A2: Generic value | B2: YES | C2: YES | D2: 0.88 | E2: 1.09 | F2: 0.88 | G2: 0.006 | H2: 1.3 | I2: 0.22 | J2: 0.009 | K2: Values already provided in Final_list.
A3: Abaca, manila hemp, raw | B3: YES | C3: NO | D3: 0.88 | E3: 1.09 | F3: 0.88 | G3: 0.006 | H3: 1.3 | I3: 0.22 | J3: 0.009 | K3: Remaining missing values filled with Generic value defaults
A4: Agave fibres, raw, n.e.c. | B4: NO | C4: NO | K4: Non-crop/processed/aggregate item (ONLINE and CROPYIELDSTATS are not YES); residue factors not populated.
A5: Almonds, in shell | B5: YES | C5: YES | D5: 0.88 | E5: 1.09 | F5: 0.88 | G5: 0.006 | H5: 1.3 | I5: 0.22 | J5: 0.009 | K5: Approximated using mapping for 'Cereals' based on name/commodity match. Tree nuts harvested as dry seeds: proxied to Cereals as conservative seed-crop approximation.
A6: Anise, badian, coriander, cumin, caraway, fennel and juniper berries, raw | B6: YES | C6: NO | D6: 0.88 | E6: 1.09 | F6: 0.88 | G6: 0.006 | H6: 1.3 | I6: 0.22 | J6: 0.009 | K6: Remaining missing values filled with Generic value defaults
A7: Apples | B7: YES | C7: NO | D7: 0.22 | E7: 0.1 | F7: 1.06 | G7: 0.019 | H7: 0.4 | I7: 0.2 | J7: 0.014 | K7: Approximated using mapping for 'Potatoes' based on name/commodity match. Fruit crop: used Potatoes proxy as conservative fresh-produce approximation (high moisture).
A8: Apricots | B8: YES | C8: NO | D8: 0.22 | E8: 0.1 | F8: 1.06 | G8: 0.019 | H8: 0.4 | I8: 0.2 | J8: 0.014 | K8: Approximated using mapping for 'Potatoes' based on name/commodity match. Fruit crop: used Potatoes proxy as conservative fresh-produce approximation (high moisture).
A9: Areca nuts | B9: YES | C9: NO | D9: 0.88 | E9: 1.09 | F9: 0.88 | G9: 0.006 | H9: 1.3 | I9: 0.22 | J9: 0.009 | K9: Approximated using mapping for 'Cereals' based on name/commodity match. Tree nuts harvested as dry seeds: proxied to Cereals as conservative seed-crop approximation.
A10: Artichokes | B10: YES | C10: NO | D10: 0.22 | E10: 0.1 | F10: 1.06 | G10: 0.019 | H10: 0.4 | I10: 0.2 | J10: 0.014 | K10: Approximated using mapping for 'Potatoes' based on name/commodity match. Vegetable crop: used Potatoes proxy as conservative fresh-produce approximation (high moisture).
A11: Asparagus | B11: YES | C11: NO | D11: 0.22 | E11: 0.1 | F11: 1.06 | G11: 0.019 | H11: 0.4 | I11: 0.2 | J11: 0.014 | K11: Approximated using mapping for 'Potatoes' based on name/commodity match. Vegetable crop: used Potatoes proxy as conservative fresh-produce approximation (high moisture).
A12: Asses | B12: NO | C12: NO | K12: Non-crop/processed/aggregate item (ONLINE and CROPYIELDSTATS are not YES); residue factors not populated.
A13: Avocados | B13: YES | C13: YES | D13: 0.22 | E13: 0.1 | F13: 1.06 | G13: 0.019 | H13: 0.4 | I13: 0.2 | J13: 0.014 | K13: Approximated using mapping for 'Potatoes' based on name/commodity match. Fruit crop: used Potatoes proxy as conservative fresh-produce approximation (high moisture).
A14: Balata, gutta-percha, guayule, chicle and similar natural gums in primary forms or in plates, sheets or strip | B14: NO | C14: NO | K14: Non-crop/processed/aggregate item (ONLINE and CROPYIELDSTATS are not YES); residue factors not populated.
A15: Bambara beans, dry | B15: YES | C15: NO | D15: 0.94 | E15: 1.07 | F15: 1.54 | G15: 0.016 | H15: 1 | I15: 0.1 | J15: 0 | K15: Approximated using mapping for 'Peanuts'
A16: Bananas | B16: YES | C16: NO | D16: 0.22 | E16: 0.1 | F16: 1.06 | G16: 0.019 | H16: 1.2 | I16: 0.22 | J16: 0.014 | K16: Approximated using mapping for 'Potatoes' based on name/commodity match. Fruit crop: used Potatoes proxy as conservative fresh-produce approximation (high moisture).
A17: Barley | B17: YES | C17: NO | D17: 1 | E17: 0.98 | F17: 0.59 | G17: 0.007 | H17: 2.1 | I17: 0.19 | J17: 0.008 | K17: Values already provided in Final_list.
A18: Beans, dry | B18: YES | C18: YES | D18: 1 | E18: 1.13 | F18: 0.85 | G18: 0.008 | H18: 2.1 | I18: 0.19 | J18: 0.008 | K18: Filled missing values from IPCC and FAO crops mapping). Exact match to FAO crop 'Beans, dry'.
A19: Beer of barley, malted | B19: NO | C19: NO | K19: Non-crop/processed/aggregate item (ONLINE and CROPYIELDSTATS are not YES); residue factors not populated.
A20: Bees | B20: NO | C20: NO | K20: Non-crop/processed/aggregate item (ONLINE and CROPYIELDSTATS are not YES); residue factors not populated.
A21: Beeswax | B21: NO | C21: NO | K21: Non-crop/processed/aggregate item (ONLINE and CROPYIELDSTATS are not YES); residue factors not populated.
A22: Blueberries | B22: YES | C22: NO | D22: 0.22 | E22: 0.1 | F22: 1.06 | G22: 0.019 | H22: 0.4 | I22: 0.2 | J22: 0.014 | K22: Approximated using mapping for 'Potatoes' based on name/commodity match. Fruit crop: used Potatoes proxy as conservative fresh-produce approximation (high moisture).
A23: Brazil nuts, in shell | B23: YES | C23: NO | D23: 0.88 | E23: 1.09 | F23: 0.88 | G23: 0.006 | H23: 1.3 | I23: 0.22 | J23: 0.009 | K23: Approximated using mapping for 'Cereals' based on name/commodity match. Tree nuts harvested as dry seeds: proxied to Cereals as conservative seed-crop approximation.
A24: Broad beans and horse beans, dry | B24: NO | C24: NO | K24: Non-crop/processed/aggregate item (ONLINE and CROPYIELDSTATS are not YES); residue factors not populated.
A25: Broad beans and horse beans, green | B25: NO | C25: NO | H25: 1.3 | I25: 0.22 | J25: 0.009 | K25: Non-crop/processed/aggregate item (ONLINE and CROPYIELDSTATS are not YES); residue factors not populated.
A26: Buckwheat | B26: YES | C26: YES | D26: 0.88 | E26: 1.09 | F26: 0.88 | G26: 0.006 | H26: 1.3 | I26: 0.22 | J26: 0.009 | K26: Filled missing values from IPCC and FAO crops mapping). Exact match to FAO crop 'Buckwheat'.
A27: Buffalo | B27: NO | C27: NO | K27: Non-crop/processed/aggregate item (ONLINE and CROPYIELDSTATS are not YES); residue factors not populated.
A28: Buffalo fat, unrendered | B28: NO | C28: NO | K28: Non-crop/processed/aggregate item (ONLINE and CROPYIELDSTATS are not YES); residue factors not populated.
A29: Butter and ghee of sheep milk | B29: NO | C29: NO | K29: Non-crop/processed/aggregate item (ONLINE and CROPYIELDSTATS are not YES); residue factors not populated.
A30: Butter of buffalo milk | B30: NO | C30: NO | K30: Non-crop/processed/aggregate item (ONLINE and CROPYIELDSTATS are not YES); residue factors not populated.
A31: Butter of cow milk | B31: NO | C31: NO | K31: Non-crop/processed/aggregate item (ONLINE and CROPYIELDSTATS are not YES); residue factors not populated.
A32: Butter of goat milk | B32: NO | C32: NO | K32: Non-crop/processed/aggregate item (ONLINE and CROPYIELDSTATS are not YES); residue factors not populated.
A33: Buttermilk, dry | B33: NO | C33: NO | K33: Non-crop/processed/aggregate item (ONLINE and CROPYIELDSTATS are not YES); residue factors not populated.
A34: Cabbages | B34: YES | C34: NO | D34: 0.22 | E34: 0.1 | F34: 1.06 | G34: 0.019 | H34: 0.4 | I34: 0.2 | J34: 0.014 | K34: Approximated using mapping for 'Potatoes' based on name/commodity match. Vegetable crop: used Potatoes proxy as conservative fresh-produce approximation (high moisture).
A35: Camels | B35: NO | C35: NO | K35: Non-crop/processed/aggregate item (ONLINE and CROPYIELDSTATS are not YES); residue factors not populated.
A36: Canary seed | B36: YES | C36: NO | D36: 0.88 | E36: 1.09 | F36: 0.88 | G36: 0.006 | H36: 1.3 | I36: 0.22 | J36: 0.009 | K36: Remaining missing values filled with Generic value defaults
A37: Cantaloupes and other melons | B37: YES | C37: NO | D37: 0.22 | E37: 0.1 | F37: 1.06 | G37: 0.019 | H37: 0.4 | I37: 0.2 | J37: 0.014 | K37: Approximated using mapping for 'Potatoes' based on name/commodity match. Fruit crop: used Potatoes proxy as conservative fresh-produce approximation (high moisture).
A38: Carrots and turnips | B38: YES | C38: NO | D38: 0.22 | E38: 0.1 | F38: 1.06 | G38: 0.019 | H38: 0.4 | I38: 0.2 | J38: 0.014 | K38: Filled missing values from IPCC and FAO crops mapping). Exact match to FAO crop 'Carrots and turnips'.
A39: Cashew nuts, in shell | B39: YES | C39: YES | D39: 0.88 | E39: 1.09 | F39: 0.88 | G39: 0.006 | H39: 1.3 | I39: 0.22 | J39: 0.009 | K39: Approximated using mapping for 'Cereals' based on name/commodity match. Tree nuts harvested as dry seeds: proxied to Cereals as conservative seed-crop approximation.
A40: Cashewapple | B40: NO | C40: NO | K40: Non-crop/processed/aggregate item (ONLINE and CROPYIELDSTATS are not YES); residue factors not populated.
A41: Cassava leaves | B41: NO | C41: NO | K41: Non-crop/processed/aggregate item (ONLINE and CROPYIELDSTATS are not YES); residue factors not populated.
A42: Cassava, fresh | B42: YES | C42: YES | D42: 0.22 | E42: 0.1 | F42: 1.06 | G42: 0.019 | H42: 0.4 | I42: 0.2 | J42: 0.014 | K42: Approximated using mapping for 'Potatoes' based on name/commodity match.
A43: Castor oil seeds | B43: YES | C43: NO | D43: 0.91 | E43: 0.93 | F43: 1.35 | G43: 0.008 | H43: 2.1 | I43: 0.19 | J43: 0.008 | K43: Approximated using mapping for 'Soybeans' based on name/commodity match. Oilseed: proxied to Soybeans parameters (seed crop present in FAO crop mapping tables).
A44: Cattle | B44: NO | C44: NO | K44: Non-crop/processed/aggregate item (ONLINE and CROPYIELDSTATS are not YES); residue factors not populated.
A45: Cattle fat, unrendered | B45: NO | C45: NO | K45: Non-crop/processed/aggregate item (ONLINE and CROPYIELDSTATS are not YES); residue factors not populated.
A46: Cauliflowers and broccoli | B46: YES | C46: NO | D46: 0.22 | E46: 0.1 | F46: 1.06 | G46: 0.019 | H46: 0.4 | I46: 0.2 | J46: 0.014 | K46: Approximated using mapping for 'Potatoes' based on name/commodity match. Vegetable crop: used Potatoes proxy as conservative fresh-produce approximation (high moisture).
A47: Cereals n.e.c. | B47: YES | C47: YES | D47: 0.88 | E47: 1.09 | F47: 0.88 | G47: 0.006 | H47: 1.3 | I47: 0.22 | J47: 0.009 | K47: Approximated using mapping for 'Cereals'
A48: Cheese from milk of buffalo, fresh or processed | B48: NO | C48: NO | K48: Non-crop/processed/aggregate item (ONLINE and CROPYIELDSTATS are not YES); residue factors not populated.
A49: Cheese from milk of goats, fresh or processed | B49: NO | C49: NO | K49: Non-crop/processed/aggregate item (ONLINE and CROPYIELDSTATS are not YES); residue factors not populated.
A50: Cheese from milk of sheep, fresh or processed | B50: NO | C50: NO | K50: Non-crop/processed/aggregate item (ONLINE and CROPYIELDSTATS are not YES); residue factors not populated.
A51: Cheese from skimmed cow milk | B51: NO | C51: NO | K51: Non-crop/processed/aggregate item (ONLINE and CROPYIELDSTATS are not YES); residue factors not populated.
A52: Cheese from whole cow milk | B52: NO | C52: NO | K52: Non-crop/processed/aggregate item (ONLINE and CROPYIELDSTATS are not YES); residue factors not populated.
A53: Cherries | B53: YES | C53: NO | D53: 0.22 | E53: 0.1 | F53: 1.06 | G53: 0.019 | H53: 0.4 | I53: 0.2 | J53: 0.014 | K53: Approximated using mapping for 'Potatoes' based on name/commodity match. Fruit crop: used Potatoes proxy as conservative fresh-produce approximation (high moisture).
A54: Chestnuts, in shell | B54: YES | C54: NO | D54: 0.88 | E54: 1.09 | F54: 0.88 | G54: 0.006 | H54: 1.3 | I54: 0.22 | J54: 0.009 | K54: Approximated using mapping for 'Cereals' based on name/commodity match. Tree nuts harvested as dry seeds: proxied to Cereals as conservative seed-crop approximation.
A55: Chick peas, dry | B55: YES | C55: YES | D55: 1 | E55: 1.13 | F55: 0.85 | G55: 0.008 | H55: 2.1 | I55: 0.19 | J55: 0.008 | K55: Approximated using mapping for 'Beans, Dry'
A56: Chickens | B56: NO | C56: NO | K56: Non-crop/processed/aggregate item (ONLINE and CROPYIELDSTATS are not YES); residue factors not populated.
A57: Chicory roots | B57: YES | C57: NO | D57: 0.22 | E57: 0.1 | F57: 1.06 | G57: 0.019 | H57: 0.4 | I57: 0.2 | J57: 0.014 | K57: Filled missing values from IPCC and FAO crops mapping). Exact match to FAO crop 'Chicory roots'.
A58: Chillies and peppers, dry (Capsicum spp., Pimenta spp.), raw | B58: NO | C58: NO | K58: Non-crop/processed/aggregate item (ONLINE and CROPYIELDSTATS are not YES); residue factors not populated.
A59: Chillies and peppers, green (Capsicum spp. and Pimenta spp.) | B59: YES | C59: YES | D59: 0.22 | E59: 0.1 | F59: 1.06 | G59: 0.019 | H59: 0.4 | I59: 0.2 | J59: 0.014 | K59: Approximated using mapping for 'Potatoes' based on name/commodity match. Vegetable crop: used Potatoes proxy as conservative fresh-produce approximation (high moisture).
A60: Cinnamon and cinnamon-tree flowers, raw | B60: NO | C60: NO | K60: Non-crop/processed/aggregate item (ONLINE and CROPYIELDSTATS are not YES); residue factors not populated.
A61: Cloves (whole stems), raw | B61: NO | C61: NO | K61: Non-crop/processed/aggregate item (ONLINE and CROPYIELDSTATS are not YES); residue factors not populated.
A62: Cocoa beans | B62: YES | C62: YES | D62: 0.88 | E62: 1.09 | F62: 0.88 | G62: 0.006 | H62: 1.3 | I62: 0.22 | J62: 0.009 | K62: Remaining missing values filled with Generic value defaults
A63: Coconut oil | B63: NO | C63: NO | K63: Non-crop/processed/aggregate item (ONLINE and CROPYIELDSTATS are not YES); residue factors not populated.
A64: Coconuts, in shell | B64: YES | C64: NO | D64: 0.88 | E64: 1.09 | F64: 0.88 | G64: 0.006 | H64: 1.3 | I64: 0.22 | J64: 0.009 | K64: Remaining missing values filled with Generic value defaults
A65: Coffee, green | B65: YES | C65: YES | D65: 0.88 | E65: 1.09 | F65: 0.88 | G65: 0.006 | H65: 1.3 | I65: 0.22 | J65: 0.009 | K65: Remaining missing values filled with Generic value defaults
A66: Coir, raw | B66: YES | C66: NO | D66: 0.88 | E66: 1.09 | F66: 0.88 | G66: 0.006 | H66: 1.3 | I66: 0.22 | J66: 0.009 | K66: Remaining missing values filled with Generic value defaults
A67: Cotton lint, ginned | B67: YES | C67: NO | D67: 0.88 | E67: 1.09 | F67: 0.88 | G67: 0.006 | H67: 1.3 | I67: 0.22 | J67: 0.009 | K67: Remaining missing values filled with Generic value defaults
A68: Cotton seed | B68: YES | C68: YES | D68: 0.91 | E68: 0.93 | F68: 1.35 | G68: 0.008 | H68: 2.1 | I68: 0.19 | J68: 0.008 | K68: Approximated using mapping for 'Soybeans' based on name/commodity match. Oilseed: proxied to Soybeans parameters (seed crop present in FAO crop mapping tables).
A69: Cottonseed oil | B69: NO | C69: NO | H69: 2.1 | I69: 0.19 | J69: 0.008 | K69: Non-crop/processed/aggregate item (ONLINE and CROPYIELDSTATS are not YES); residue factors not populated.
A70: Cow peas, dry | B70: YES | C70: YES | D70: 1 | E70: 1.13 | F70: 0.85 | G70: 0.008 | H70: 2.1 | I70: 0.19 | J70: 0.008 | K70: Filled missing values from IPCC and FAO crops mapping). Exact match to FAO crop 'Cow peas, dry'.
A71: Cranberries | B71: YES | C71: NO | D71: 0.22 | E71: 0.1 | F71: 1.06 | G71: 0.019 | H71: 0.4 | I71: 0.2 | J71: 0.014 | K71: Approximated using mapping for 'Potatoes' based on name/commodity match. Fruit crop: used Potatoes proxy as conservative fresh-produce approximation (high moisture).
A72: Cream, fresh | B72: NO | C72: NO | K72: Non-crop/processed/aggregate item (ONLINE and CROPYIELDSTATS are not YES); residue factors not populated.
A73: Cucumbers and gherkins | B73: YES | C73: YES | D73: 0.22 | E73: 0.1 | F73: 1.06 | G73: 0.019 | H73: 0.4 | I73: 0.2 | J73: 0.014 | K73: Approximated using mapping for 'Potatoes' based on name/commodity match. Vegetable crop: used Potatoes proxy as conservative fresh-produce approximation (high moisture).
A74: Currants | B74: YES | C74: NO | D74: 0.22 | E74: 0.1 | F74: 1.06 | G74: 0.019 | H74: 0.4 | I74: 0.2 | J74: 0.014 | K74: Approximated using mapping for 'Potatoes' based on name/commodity match. Fruit crop: used Potatoes proxy as conservative fresh-produce approximation (high moisture).
A75: Dates | B75: YES | C75: NO | D75: 0.22 | E75: 0.1 | F75: 1.06 | G75: 0.019 | H75: 0.4 | I75: 0.2 | J75: 0.014 | K75: Approximated using mapping for 'Potatoes' based on name/commodity match. Fruit crop: used Potatoes proxy as conservative fresh-produce approximation (high moisture).
A76: Ducks | B76: NO | C76: NO | K76: Non-crop/processed/aggregate item (ONLINE and CROPYIELDSTATS are not YES); residue factors not populated.
A77: Edible offal of buffalo, fresh, chilled or frozen | B77: NO | C77: NO | K77: Non-crop/processed/aggregate item (ONLINE and CROPYIELDSTATS are not YES); residue factors not populated.
A78: Edible offal of cattle, fresh, chilled or frozen | B78: NO | C78: NO | K78: Non-crop/processed/aggregate item (ONLINE and CROPYIELDSTATS are not YES); residue factors not populated.
A79: Edible offal of goat, fresh, chilled or frozen | B79: NO | C79: NO | K79: Non-crop/processed/aggregate item (ONLINE and CROPYIELDSTATS are not YES); residue factors not populated.
A80: Edible offal of pigs, fresh, chilled or frozen | B80: NO | C80: NO | K80: Non-crop/processed/aggregate item (ONLINE and CROPYIELDSTATS are not YES); residue factors not populated.
A81: Edible offal of sheep, fresh, chilled or frozen | B81: NO | C81: NO | K81: Non-crop/processed/aggregate item (ONLINE and CROPYIELDSTATS are not YES); residue factors not populated.
A82: Edible offals of camels and other camelids, fresh, chilled or frozen | B82: NO | C82: NO | K82: Non-crop/processed/aggregate item (ONLINE and CROPYIELDSTATS are not YES); residue factors not populated.
A83: Edible offals of horses and other equines, fresh, chilled or frozen | B83: NO | C83: NO | K83: Non-crop/processed/aggregate item (ONLINE and CROPYIELDSTATS are not YES); residue factors not populated.
A84: Edible roots and tubers with high starch or inulin content, n.e.c., fresh | B84: NO | C84: NO | K84: Non-crop/processed/aggregate item (ONLINE and CROPYIELDSTATS are not YES); residue factors not populated.
A85: Eggplants (aubergines) | B85: YES | C85: NO | D85: 0.22 | E85: 0.1 | F85: 1.06 | G85: 0.019 | H85: 0.4 | I85: 0.2 | J85: 0.014 | K85: Approximated using mapping for 'Potatoes' based on name/commodity match. Vegetable crop: used Potatoes proxy as conservative fresh-produce approximation (high moisture).
A86: Eggs from other birds in shell, fresh, n.e.c. | B86: NO | C86: NO | K86: Non-crop/processed/aggregate item (ONLINE and CROPYIELDSTATS are not YES); residue factors not populated.
A87: Fat of camels | B87: NO | C87: NO | K87: Non-crop/processed/aggregate item (ONLINE and CROPYIELDSTATS are not YES); residue factors not populated.
A88: Fat of pigs | B88: NO | C88: NO | K88: Non-crop/processed/aggregate item (ONLINE and CROPYIELDSTATS are not YES); residue factors not populated.
A89: Figs | B89: YES | C89: NO | D89: 0.22 | E89: 0.1 | F89: 1.06 | G89: 0.019 | H89: 0.4 | I89: 0.2 | J89: 0.014 | K89: Approximated using mapping for 'Potatoes' based on name/commodity match. Fruit crop: used Potatoes proxy as conservative fresh-produce approximation (high moisture).
A90: Flax, raw or retted | B90: YES | C90: NO | D90: 0.91 | E90: 0.93 | F90: 1.35 | G90: 0.008 | H90: 1.3 | I90: 0.22 | J90: 0.009 | K90: Approximated using mapping for 'Soybeans' based on name/commodity match. Oilseed: proxied to Soybeans parameters (seed crop present in FAO crop mapping tables).
A91: Fonio | B91: YES | C91: NO | D91: 0.88 | E91: 1.09 | F91: 0.88 | G91: 0.006 | H91: 1.3 | I91: 0.22 | J91: 0.009 | K91: Filled missing values from IPCC and FAO crops mapping). Exact match to FAO crop 'Fonio'.
A92: Game meat, fresh, chilled or frozen | B92: NO | C92: NO | K92: Non-crop/processed/aggregate item (ONLINE and CROPYIELDSTATS are not YES); residue factors not populated.
A93: Geese | B93: NO | C93: NO | K93: Non-crop/processed/aggregate item (ONLINE and CROPYIELDSTATS are not YES); residue factors not populated.
A94: Ghee from buffalo milk | B94: NO | C94: NO | K94: Non-crop/processed/aggregate item (ONLINE and CROPYIELDSTATS are not YES); residue factors not populated.
A95: Ghee from cow milk | B95: NO | C95: NO | K95: Non-crop/processed/aggregate item (ONLINE and CROPYIELDSTATS are not YES); residue factors not populated.
A96: Ginger, raw | B96: YES | C96: NO | D96: 0.88 | E96: 1.09 | F96: 0.88 | G96: 0.006 | H96: 1.3 | I96: 0.22 | J96: 0.009 | K96: Remaining missing values filled with Generic value defaults
A97: Goat fat, unrendered | B97: NO | C97: NO | K97: Non-crop/processed/aggregate item (ONLINE and CROPYIELDSTATS are not YES); residue factors not populated.
A98: Goats | B98: NO | C98: NO | K98: Non-crop/processed/aggregate item (ONLINE and CROPYIELDSTATS are not YES); residue factors not populated.
A99: Gooseberries | B99: YES | C99: NO | D99: 0.22 | E99: 0.1 | F99: 1.06 | G99: 0.019 | H99: 0.4 | I99: 0.2 | J99: 0.014 | K99: Approximated using mapping for 'Potatoes' based on name/commodity match. Fruit crop: used Potatoes proxy as conservative fresh-produce approximation (high moisture).
A100: Grapes | B100: YES | C100: NO | D100: 0.22 | E100: 0.1 | F100: 1.06 | G100: 0.019 | H100: 0.4 | I100: 0.2 | J100: 0.014 | K100: Approximated using mapping for 'Potatoes' based on name/commodity match. Fruit crop: used Potatoes proxy as conservative fresh-produce approximation (high moisture).
...

Sheet Annualsperennials
A1: ITEM | B1: ONLINE | C1: CROPYIELDSTATS | D1: ANNUALS | E1: PERENNIALS
A2: Generic value | B2: YES | C2: YES | D2: YES | E2: YES
A3: Abaca, manila hemp, raw | B3: YES | C3: NO | D3: NO | E3: YES
A4: Almonds, in shell | B4: YES | C4: YES | D4: NO | E4: YES
A5: Anise, badian, coriander, cumin, caraway, fennel and juniper berries, raw | B5: YES | C5: NO | D5: YES | E5: NO
A6: Apples | B6: YES | C6: NO | D6: NO | E6: YES
A7: Apricots | B7: YES | C7: NO | D7: NO | E7: YES
A8: Areca nuts | B8: YES | C8: NO | D8: NO | E8: YES
A9: Artichokes | B9: YES | C9: NO | D9: YES | E9: NO
A10: Asparagus | B10: YES | C10: NO | D10: YES | E10: NO
A11: Avocados | B11: YES | C11: YES | D11: NO | E11: YES
A12: Bambara beans, dry | B12: YES | C12: NO | D12: YES | E12: NO
... A145: Vegetables Primary + (Total) | B145: YES | C145: YES | D145: YES | E145: NO
